aback,4,soare,clink,squib,aback
abase,3,soare,teuch,abase
abate,3,soare,glitz,abate
abbey,4,soare,natal,naira,abbey
abbot,3,soare,cloot,abbot
abhor,4,soare,maron,abaci,abhor
abide,4,soare,gault,lemel,abide
abled,4,soare,natal,lemel,abled
abode,3,soare,bundt,abode
abort,3,soare,abaci,abort
about,4,soare,cloot,bayes,about
above,3,soare,bundt,above
abuse,4,soare,thump,bayes,abuse
abyss,3,soare,linty,abyss
acorn,3,soare,abaci,acorn
acrid,4,soare,riyal,naira,acrid
actor,4,soare,maron,abaci,actor
acute,3,soare,gault,acute
adage,4,soare,glitz,lippy,adage
adapt,4,soare,clink,naira,adapt
adept,4,soare,natal,naira,adept
admin,4,soare,clint,lemel,admin
admit,4,soare,clint,squib,admit
adobe,3,soare,bundt,adobe
adopt,4,soare,cloot,bayes,adopt
adore,2,soare,adore
adorn,3,soare,abaci,adorn
adult,4,soare,clint,varia,adult
affix,4,soare,clint,taxed,affix
afire,3,soare,naira,afire
afoot,3,soare,cloot,afoot
afoul,4,soare,cloot,lemel,afoul
after,3,soare,talar,after
again,3,soare,clink,again
agape,4,soare,glitz,lippy,agape
agate,3,soare,glitz,agate
agent,3,soare,natal,agent
agile,4,soare,gault,naira,agile
aging,4,soare,clint,lippy,aging
aglow,3,soare,cloot,aglow
agony,4,soare,cloot,lippy,agony
agree,3,soare,carbo,agree
ahead,4,soare,natal,yucko,ahead
aider,4,soare,talar,naira,aider
aisle,4,soare,thump,naira,aisle
alarm,3,soare,dhuti,alarm
album,4,soare,clint,lemel,album
alert,3,soare,total,alert
algae,3,soare,gault,algae
alibi,3,soare,clint,alibi
alien,3,soare,natal,alien
align,3,soare,clint,align
alike,4,soare,gault,varia,alike
alive,4,soare,gault,varia,alive
allay,4,soare,clint,lemel,allay
alley,4,soare,natal,lemel,alley
allot,3,soare,cloot,allot
allow,4,soare,cloot,bayes,allow
alloy,4,soare,cloot,bayes,alloy
aloft,4,soare,cloot,buffy,aloft
alone,3,soare,bundt,alone
along,4,soare,cloot,naira,along
aloof,3,soare,cloot,aloof
aloud,4,soare,cloot,naira,aloud
alpha,4,soare,clint,lemel,alpha
altar,4,soare,riyal,lemel,altar
alter,3,soare,talar,alter
amass,3,soare,chugs,amass
amaze,3,soare,glitz,amaze
amber,4,soare,talar,naira,amber
amble,4,soare,gault,plumb,amble
amend,4,soare,natal,lemel,amend
amiss,4,soare,linty,bayes,amiss
amity,4,soare,clint,lemel,amity
among,4,soare,cloot,lippy,among
ample,4,soare,gault,plumb,ample
amply,4,soare,clint,dampy,amply
amuse,3,soare,thump,amuse
angel,3,soare,natal,angel
anger,4,soare,talar,naira,anger
angle,4,soare,gault,naira,angle
angry,4,soare,milch,bayes,angry
angst,3,soare,linty,angst
anime,4,soare,gault,lemel,anime
ankle,4,soare,gault,plumb,ankle
annex,4,soare,natal,lemel,annex
annoy,4,soare,cloot,naira,annoy
annul,4,soare,clint,tanka,annul
anode,3,soare,bundt,anode
antic,3,soare,clint,antic
anvil,4,soare,clint,iftar,anvil
aorta,3,soare,mylar,aorta
apart,3,soare,dhuti,apart
aphid,4,soare,clint,taxed,aphid
aping,4,soare,clint,lippy,aping
apnea,3,soare,natal,apnea
apple,4,soare,gault,plumb,apple
apply,4,soare,clint,dampy,apply
apron,3,soare,maron,apron
aptly,4,soare,clint,matlo,aptly
arbor,4,soare,maron,abaci,arbor
ardor,4,soare,maron,abaci,ardor
arena,3,soare,talar,arena
argue,3,soare,carbo,argue
arise,3,soare,naira,arise
armor,3,soare,maron,armor
aroma,3,soare,maron,aroma
arose,2,soare,arose
array,3,soare,riyal,array
arrow,3,soare,maron,arrow
arson,2,soare,arson
artsy,3,soare,hiant,artsy
ascot,3,soare,lemel,ascot
ashen,3,soare,koses,ashen
aside,4,soare,thump,naira,aside
askew,3,soare,koses,askew
assay,4,soare,linty,bayes,assay
asset,3,soare,koses,asset
atoll,3,soare,cloot,atoll
atone,3,soare,bundt,atone
attic,3,soare,clint,attic
audio,4,soare,cloot,bayes,audio
audit,4,soare,clint,squib,audit
augur,4,soare,riyal,yucko,augur
aunty,4,soare,clint,bayes,aunty
avail,4,soare,clink,naira,avail
avert,3,soare,total,avert
avian,3,soare,clint,avian
avoid,4,soare,cloot,lippy,avoid
await,3,soare,clink,await
awake,4,soare,glitz,khuds,awake
award,3,soare,dhuti,award
aware,3,soare,blaff,aware
awash,4,soare,chugs,lemel,awash
awful,4,soare,clint,dampy,awful
awoke,3,soare,bundt,awoke
axial,4,soare,clint,dirge,axial
axiom,4,soare,cloot,naira,axiom
axion,4,soare,cloot,naira,axion
azure,3,soare,naira,azure
bacon,4,soare,cloot,bayes,bacon
badge,4,soare,gault,lemel,badge
badly,4,soare,clint,dampy,badly
bagel,4,soare,natal,bumph,bagel
baggy,4,soare,clint,midgy,baggy
baker,5,soare,talar,pigmy,barre,baker
baler,4,soare,talar,bayes,baler
balmy,4,soare,clint,dampy,balmy
banal,4,soare,clint,tanka,banal
banjo,4,soare,cloot,bayes,banjo
barge,3,soare,carbo,barge
baron,3,soare,maron,baron
basal,4,soare,linty,bayes,basal
basic,4,soare,linty,bayes,basic
basil,3,soare,linty,basil
basin,3,soare,linty,basin
basis,4,soare,linty,bayes,basis
baste,4,soare,thump,abaci,baste
batch,4,soare,clint,hamba,batch
bathe,3,soare,gault,bathe
baton,4,soare,cloot,bayes,baton
batty,4,soare,clint,bufty,batty
bawdy,4,soare,clint,midgy,bawdy
bayou,4,soare,cloot,naira,bayou
beach,4,soare,depth,lemel,beach
beady,3,soare,depth,beady
beard,4,soare,lathy,lemel,beard
beast,3,soare,bufty,beast
beech,4,soare,denet,bayes,beech
beefy,4,soare,denet,bayes,beefy
befit,3,soare,denet,befit
began,4,soare,natal,budge,began
begat,4,soare,natal,sweet,begat
beget,3,soare,denet,beget
begin,4,soare,denet,heigh,begin
begun,4,soare,denet,heigh,begun
being,4,soare,denet,heigh,being
belch,4,soare,denet,bylaw,belch
belie,3,soare,guilt,belie
belle,4,soare,guilt,lemel,belle
belly,4,soare,denet,bylaw,belly
below,3,soare,lento,below
bench,4,soare,denet,bayes,bench
beret,4,soare,tined,embar,beret
berry,4,soare,feted,lemel,berry
berth,4,soare,tined,cruft,berth
beset,4,soare,teugh,lemel,beset
betel,3,soare,denet,betel
bevel,4,soare,denet,bravi,bevel
bezel,4,soare,denet,bravi,bezel
bible,3,soare,guilt,bible
bicep,4,soare,denet,pical,bicep
biddy,4,soare,clint,fudgy,biddy
bigot,4,soare,clint,bayes,bigot
bilge,4,soare,guilt,lemel,bilge
billy,5,soare,clint,midgy,fowth,billy
binge,4,soare,guilt,benis,binge
bingo,4,soare,clint,bayes,bingo
biome,4,soare,plink,lemel,biome
birch,4,soare,glint,bayes,birch
birth,4,soare,glint,bayes,birth
bison,3,soare,klong,bison
bitty,4,soare,clint,bufty,bitty
black,4,soare,clink,bayes,black
blade,4,soare,glitz,plumb,blade
blame,4,soare,glitz,plumb,blame
bland,4,soare,clink,dirge,bland
blank,4,soare,clink,burps,blank
blare,3,soare,blaff,blare
blast,4,soare,chugs,iftar,blast
blaze,3,soare,glitz,blaze
bleak,4,soare,natal,dirge,bleak
bleat,4,soare,natal,crape,bleat
bleed,4,soare,denet,benis,bleed
bleep,4,soare,denet,pical,bleep
blend,4,soare,denet,lemel,blend
bless,3,soare,teugh,bless
blimp,3,soare,clint,blimp
blind,4,soare,clint,dirge,blind
blink,4,soare,clint,dirge,blink
bliss,3,soare,hists,bliss
blitz,3,soare,clint,blitz
bloat,4,soare,cloot,buffy,bloat
block,4,soare,clint,bayes,block
bloke,3,soare,plink,bloke
blond,3,soare,clint,blond
blood,4,soare,clint,iambi,blood
bloom,4,soare,clint,iambi,bloom
blown,4,soare,clint,bayes,blown
bluer,4,soare,tined,flump,bluer
bluff,4,soare,clint,burps,bluff
blunt,3,soare,clint,blunt
blurb,3,soare,tichy,blurb
blurt,3,soare,tichy,blurt
blush,4,soare,hists,burps,blush
board,3,soare,bayes,board
boast,3,soare,abaci,boast
bobby,4,soare,culty,dhobi,bobby
boney,4,soare,meynt,bayes,boney
bongo,4,soare,culty,dirge,bongo
bonus,3,soare,jumby,bonus
booby,4,soare,culty,dhobi,booby
boost,3,soare,jumby,boost
booth,4,soare,culty,books,booth
booty,3,soare,culty,booty
booze,3,soare,cloud,booze
boozy,4,soare,culty,dhobi,boozy
borax,3,soare,mylar,borax
borne,4,soare,gouch,bayes,borne
bosom,3,soare,jumby,bosom
bossy,3,soare,jumby,bossy
botch,4,soare,culty,nixie,botch
bough,4,soare,culty,bumph,bough
boule,3,soare,cloud,boule
bound,4,soare,culty,bumph,bound
bowel,4,soare,meynt,diver,bowel
boxer,5,soare,rowth,flick,nixie,boxer
brace,4,soare,diact,bayes,brace
braid,3,soare,clint,braid
brain,4,soare,clint,dirge,brain
brake,5,soare,diact,vying,lemel,brake
brand,4,soare,clint,bipod,brand
brash,3,soare,chubs,brash
brass,3,soare,chubs,brass
brave,4,soare,diact,vying,brave
bravo,2,soare,bravo
brawl,4,soare,clint,bayes,brawl
brawn,4,soare,clint,toped,brawn
bread,4,soare,talar,brock,bread
break,4,soare,talar,brock,break
breed,4,soare,tined,befog,breed
briar,4,soare,riyal,iftar,briar
bribe,4,soare,pudic,tribe,bribe
brick,4,soare,glint,crape,brick
bride,4,soare,pudic,varia,bride
brief,4,soare,tined,blaff,brief
brine,4,soare,pudic,tribe,brine
bring,4,soare,glint,bayes,bring
brink,4,soare,glint,bayes,brink
briny,4,soare,glint,bayes,briny
brisk,4,soare,cruft,lemel,brisk
broad,4,soare,maron,bayes,broad
broil,3,soare,cutin,broil
broke,4,soare,pwned,bufty,broke
brood,5,soare,cutin,gloop,mozed,brood
brook,5,soare,cutin,gloop,mozed,brook
broom,5,soare,cutin,gloop,mozed,broom
broth,4,soare,cutin,shlub,broth
brown,4,soare,cutin,budge,brown
brunt,4,soare,glint,varia,brunt
brush,3,soare,cruft,brush
brute,4,soare,pudic,lemel,brute
buddy,5,soare,clint,podgy,lemel,buddy
budge,4,soare,guilt,bonds,budge
buggy,4,soare,clint,podgy,buggy
bugle,3,soare,guilt,bugle
build,4,soare,clint,dirge,build
built,4,soare,clint,squib,built
bulge,4,soare,guilt,lemel,bulge
bulky,4,soare,clint,badly,bulky
bully,4,soare,clint,badly,bully
bunch,4,soare,clint,plumb,bunch
bunny,4,soare,clint,bayes,bunny
burly,4,soare,glint,crudy,burly
burnt,4,soare,glint,varia,burnt
burst,3,soare,cruft,burst
bused,3,soare,teugh,bused
bushy,4,soare,hists,iambi,bushy
butch,4,soare,clint,debud,butch
butte,3,soare,guilt,butte
buxom,4,soare,clint,mojos,buxom
buyer,5,soare,tined,flump,bayes,buyer
bylaw,4,soare,clint,dampy,bylaw
cabal,4,soare,clint,lemel,cabal
cabby,4,soare,clint,bayes,cabby
cabin,3,soare,clint,cabin
cable,4,soare,gault,demic,cable
cacao,3,soare,cloot,cacao
cache,4,soare,gault,miner,cache
cacti,3,soare,clint,cacti
caddy,4,soare,clint,bayes,caddy
cadet,4,soare,natal,iftar,cadet
cagey,3,soare,natal,cagey
cairn,3,soare,milch,cairn
camel,4,soare,natal,bumph,camel
cameo,3,soare,lemel,cameo
canal,3,soare,clint,canal
candy,3,soare,clint,candy
canny,3,soare,clint,canny
canoe,3,soare,bundt,canoe
canon,3,soare,cloot,canon
caper,4,soare,talar,pigmy,caper
caput,3,soare,clint,caput
carat,4,soare,riyal,bayes,carat
cargo,3,soare,maron,cargo
carol,4,soare,maron,lemel,carol
carry,3,soare,milch,carry
carve,3,soare,carbo,carve
caste,4,soare,thump,abaci,caste
catch,4,soare,clint,bayes,catch
cater,4,soare,talar,ethic,cater
catty,4,soare,clint,bayes,catty
caulk,4,soare,clint,lemel,caulk
cause,4,soare,thump,bayes,cause
cavil,3,soare,clint,cavil
cease,3,soare,teuch,cease
cedar,4,soare,talar,dirge,cedar
cello,4,soare,lento,yucko,cello
chafe,4,soare,glitz,khuds,chafe
chaff,4,soare,clink,lemel,chaff
chain,3,soare,clink,chain
chair,3,soare,clint,chair
chalk,3,soare,clink,chalk
champ,4,soare,clink,lemel,champ
chant,3,soare,clink,chant
chaos,2,soare,chaos
chard,3,soare,dhuti,chard
charm,4,soare,dhuti,lemel,charm
chart,3,soare,dhuti,chart
chase,3,soare,teuch,chase
chasm,3,soare,chugs,chasm
cheap,4,soare,natal,yucko,cheap
cheat,4,soare,natal,sweet,cheat
check,4,soare,denet,hilch,check
cheek,4,soare,denet,pical,cheek
cheer,5,soare,tined,flump,yucko,cheer
chess,3,soare,teugh,chess
chest,3,soare,teugh,chest
chick,3,soare,clint,chick
chide,4,soare,guilt,dhows,chide
chief,4,soare,denet,pical,chief
child,4,soare,clint,iodic,child
chili,4,soare,clint,iodic,chili
chill,4,soare,clint,iodic,chill
chime,4,soare,guilt,dhows,chime
china,3,soare,clint,china
chirp,3,soare,tichy,chirp
chock,3,soare,clint,chock
choir,3,soare,cutin,choir
choke,4,soare,plink,lemel,choke
chord,3,soare,canid,chord
chore,3,soare,lemel,chore
chose,3,soare,ethic,chose
chuck,4,soare,clint,lemel,chuck
chump,4,soare,clint,lemel,chump
chunk,3,soare,clint,chunk
churn,3,soare,tichy,churn
chute,4,soare,guilt,lemel,chute
cider,4,soare,tined,ridic,cider
cigar,4,soare,riyal,varia,cigar
cinch,4,soare,clint,lippy,cinch
circa,3,soare,riyal,circa
civic,4,soare,clint,bayes,civic
civil,3,soare,clint,civil
clack,3,soare,clink,clack
claim,3,soare,clink,claim
clamp,3,soare,clink,clamp
clang,3,soare,clink,clang
clank,3,soare,clink,clank
clash,3,soare,chugs,clash
clasp,3,soare,chugs,clasp
class,3,soare,chugs,class
clean,4,soare,natal,yucko,clean
clear,3,soare,talar,clear
cleat,4,soare,natal,crape,cleat
cleft,4,soare,denet,fitte,cleft
clerk,4,soare,feted,lemel,clerk
click,4,soare,clint,kbars,click
cliff,4,soare,clint,kbars,cliff
climb,4,soare,clint,kbars,climb
cling,4,soare,clint,yucko,cling
clink,4,soare,clint,yucko,clink
cloak,3,soare,cloot,cloak
clock,4,soare,clint,yucko,clock
clone,3,soare,plink,clone
close,3,soare,ethic,close
cloth,3,soare,clint,cloth
cloud,4,soare,clint,yucko,cloud
clout,3,soare,clint,clout
clove,4,soare,plink,vying,clove
clown,3,soare,clint,clown
cluck,4,soare,clint,lemel,cluck
clued,4,soare,denet,benis,clued
clump,4,soare,clint,lemel,clump
clung,3,soare,clint,clung
coach,3,soare,lemel,coach
coast,3,soare,abaci,coast
cobra,2,soare,cobra
cocoa,4,soare,liman,varia,cocoa
colon,3,soare,culty,colon
color,3,soare,cyton,color
comet,3,soare,meynt,comet
comfy,3,soare,culty,comfy
comic,4,soare,culty,demit,comic
comma,3,soare,liman,comma
conch,4,soare,culty,demit,conch
condo,4,soare,culty,demit,condo
conic,4,soare,culty,demit,conic
copse,3,soare,pilum,copse
coral,3,soare,mylar,coral
corer,5,soare,rowth,flick,varia,corer
corny,3,soare,cyton,corny
couch,4,soare,culty,dirge,couch
cough,4,soare,culty,dirge,cough
could,3,soare,culty,could
count,3,soare,culty,count
coupe,3,soare,cloud,coupe
court,3,soare,almud,court
coven,4,soare,meynt,woven,coven
cover,5,soare,rowth,flick,varia,cover
covet,3,soare,meynt,covet
covey,4,soare,meynt,dirge,covey
cower,4,soare,rowth,caple,cower
coyly,3,soare,culty,coyly
crack,4,soare,clint,lippy,crack
craft,3,soare,clint,craft
cramp,4,soare,clint,lippy,cramp
crane,4,soare,diact,vying,crane
crank,3,soare,clint,crank
crash,3,soare,chubs,crash
crass,3,soare,chubs,crass
crate,3,soare,diact,crate
crave,4,soare,diact,vying,crave
crawl,3,soare,clint,crawl
craze,4,soare,diact,vying,craze
crazy,4,soare,clint,lippy,crazy
creak,4,soare,talar,brock,creak
cream,4,soare,talar,brock,cream
credo,3,soare,trued,credo
creed,4,soare,tined,befog,creed
creek,5,soare,tined,flump,yucko,creek
creep,4,soare,tined,flump,creep
creme,3,soare,pudic,creme
crepe,3,soare,pudic,crepe
crept,4,soare,tined,cruft,crept
cress,3,soare,richt,cress
crest,3,soare,richt,crest
crick,4,soare,glint,crape,crick
cried,4,soare,tined,decaf,cried
crier,4,soare,tined,blaff,crier
crime,4,soare,pudic,lemel,crime
crimp,4,soare,glint,crape,crimp
crisp,3,soare,cruft,crisp
croak,4,soare,maron,bayes,croak
crock,4,soare,cutin,cocco,crock
crone,3,soare,pwned,crone
crony,3,soare,cutin,crony
crook,4,soare,cutin,cocco,crook
cross,3,soare,gitch,cross
croup,3,soare,cutin,croup
crowd,4,soare,cutin,cocco,crowd
crown,3,soare,cutin,crown
crude,3,soare,pudic,crude
cruel,5,soare,tined,flump,yucko,cruel
crumb,4,soare,glint,pucka,crumb
crump,4,soare,glint,pucka,crump
crush,3,soare,cruft,crush
crust,3,soare,cruft,crust
crypt,3,soare,glint,crypt
cubic,4,soare,clint,bayes,cubic
cumin,4,soare,clint,lippy,cumin
curio,3,soare,cutin,curio
curly,4,soare,glint,crudy,curly
curry,3,soare,tichy,curry
curse,3,soare,punto,curse
curve,3,soare,pudic,curve
curvy,4,soare,glint,pucka,curvy
cutie,3,soare,guilt,cutie
cyber,5,soare,tined,flump,yucko,cyber
cycle,4,soare,guilt,lemel,cycle
cynic,4,soare,clint,lippy,cynic
daddy,5,soare,clint,midgy,lippy,daddy
daily,4,soare,clint,dirge,daily
dairy,4,soare,milch,iftar,dairy
daisy,3,soare,linty,daisy
dally,4,soare,clint,dampy,dally
dance,4,soare,gault,miner,dance
dandy,4,soare,clint,huggy,dandy
datum,4,soare,clint,bufty,datum
daunt,4,soare,clint,dough,daunt
dealt,3,soare,depth,dealt
death,3,soare,depth,death
debar,4,soare,talar,dirge,debar
debit,4,soare,denet,naira,debit
debug,4,soare,denet,lemel,debug
debut,4,soare,denet,naira,debut
decal,4,soare,natal,demic,decal
decay,4,soare,natal,yucko,decay
decor,3,soare,trued,decor
decoy,3,soare,lento,decoy
decry,3,soare,feted,decry
defer,4,soare,tined,debud,defer
deign,3,soare,denet,deign
deity,4,soare,denet,bayes,deity
delay,4,soare,natal,dirge,delay
delta,3,soare,natal,delta
delve,4,soare,guilt,lemel,delve
demon,3,soare,lento,demon
demur,4,soare,tined,lemel,demur
denim,3,soare,denet,denim
dense,3,soare,inapt,dense
depot,4,soare,lento,iftar,depot
depth,4,soare,denet,bayes,depth
derby,4,soare,tined,lemel,derby
deter,3,soare,tined,deter
detox,4,soare,lento,iftar,detox
deuce,4,soare,guilt,dirge,deuce
devil,4,soare,denet,lemel,devil
diary,3,soare,dhuti,diary
dicey,3,soare,denet,dicey
digit,4,soare,clint,metif,digit
dilly,4,soare,clint,midgy,dilly
dimly,4,soare,clint,midgy,dimly
diner,3,soare,tined,diner
dingo,4,soare,clint,bayes,dingo
dingy,4,soare,clint,puddy,dingy
diode,4,soare,plink,lemel,diode
dirge,4,soare,pudic,varia,dirge
dirty,4,soare,glint,bayes,dirty
disco,3,soare,klong,disco
ditch,4,soare,clint,wiped,ditch
ditto,3,soare,clint,ditto
ditty,5,soare,clint,bufty,dhows,ditty
diver,4,soare,tined,ridic,diver
dizzy,4,soare,clint,fudgy,dizzy
dodge,3,soare,cloud,dodge
dodgy,5,soare,culty,dhobi,vying,dodgy
dogma,4,soare,liman,yucko,dogma
doing,4,soare,culty,dirge,doing
dolly,4,soare,culty,dough,dolly
donor,4,soare,cyton,dirge,donor
donut,4,soare,culty,benis,donut
dopey,4,soare,meynt,dirge,dopey
doubt,4,soare,culty,benis,doubt
dough,4,soare,culty,bumph,dough
dowdy,5,soare,culty,dhobi,vying,dowdy
dowel,4,soare,meynt,diver,dowel
downy,5,soare,culty,dhobi,vying,downy
dowry,3,soare,almud,dowry
dozen,4,soare,meynt,woven,dozen
draft,4,soare,clint,dirge,draft
drain,4,soare,clint,dirge,drain
drake,4,soare,diact,lippy,drake
drama,4,soare,clint,toped,drama
drank,4,soare,clint,bipod,drank
drape,4,soare,diact,lippy,drape
drawl,4,soare,clint,bayes,drawl
drawn,4,soare,clint,toped,drawn
dread,5,soare,talar,brock,lemel,dread
dream,5,soare,talar,brock,lemel,dream
dress,4,soare,richt,lippy,dress
dried,4,soare,tined,decaf,dried
drier,4,soare,tined,lemel,drier
drift,3,soare,glint,drift
drill,4,soare,glint,kited,drill
drink,4,soare,glint,bayes,drink
drive,4,soare,pudic,varia,drive
droit,4,soare,cutin,bayes,droit
droll,4,soare,cutin,gloop,droll
drone,3,soare,pwned,drone
drool,4,soare,cutin,gloop,drool
droop,4,soare,cutin,gloop,droop
dross,3,soare,gitch,dross
drove,4,soare,pwned,lemel,drove
drown,4,soare,cutin,budge,drown
druid,4,soare,glint,bayes,druid
drunk,3,soare,glint,drunk
dryer,4,soare,tined,debud,dryer
dryly,4,soare,glint,crudy,dryly
duchy,4,soare,clint,lemel,duchy
dully,4,soare,clint,badly,dully
dummy,4,soare,clint,podgy,dummy
dumpy,4,soare,clint,podgy,dumpy
dunce,4,soare,guilt,lemel,dunce
dusky,4,soare,hists,lemel,dusky
dusty,4,soare,hists,almud,dusty
dutch,4,soare,clint,debud,dutch
duvet,3,soare,denet,duvet
dwarf,3,soare,dhuti,dwarf
dwell,3,soare,denet,dwell
dwelt,3,soare,denet,dwelt
dying,4,soare,clint,dirge,dying
eager,5,soare,talar,pigmy,smowt,eager
eagle,3,soare,gault,eagle
early,3,soare,talar,early
earth,3,soare,talar,earth
easel,3,soare,koses,easel
eaten,3,soare,natal,eaten
eater,4,soare,talar,ethic,eater
ebony,4,soare,lento,vying,ebony
eclat,4,soare,natal,crape,eclat
edict,3,soare,denet,edict
edify,4,soare,denet,woofy,edify
eerie,3,soare,pudic,eerie
egret,4,soare,tined,embar,egret
eight,4,soare,denet,fitte,eight
eject,4,soare,denet,lemel,eject
eking,4,soare,denet,lippy,eking
elate,4,soare,glitz,lemel,elate
elbow,3,soare,lento,elbow
elder,4,soare,tined,debud,elder
elect,4,soare,denet,lemel,elect
elegy,3,soare,denet,elegy
elfin,4,soare,denet,lippy,elfin
elide,3,soare,guilt,elide
elite,3,soare,guilt,elite
elope,3,soare,plink,elope
elude,4,soare,guilt,metif,elude
email,3,soare,depth,email
embed,4,soare,denet,benis,embed
ember,4,soare,tined,flump,ember
emcee,4,soare,guilt,filch,emcee
empty,4,soare,denet,varia,empty
enact,4,soare,depth,yonic,enact
endow,4,soare,lento,vying,endow
enema,4,soare,natal,lemel,enema
enemy,3,soare,denet,enemy
enjoy,4,soare,lento,vying,enjoy
ennui,3,soare,denet,ennui
ensue,3,soare,inapt,ensue
enter,3,soare,tined,enter
entry,3,soare,feted,entry
envoy,4,soare,lento,vying,envoy
epoch,4,soare,lento,bayes,epoch
epoxy,4,soare,lento,bayes,epoxy
equal,4,soare,natal,demic,equal
equip,4,soare,denet,hilch,equip
erase,2,soare,erase
erect,4,soare,tined,cruft,erect
erode,4,soare,pwned,lemel,erode
error,3,soare,trued,error
erupt,4,soare,tined,cruft,erupt
essay,3,soare,koses,essay
ester,3,soare,richt,ester
ether,4,soare,tined,embar,ether
ethic,4,soare,denet,varia,ethic
ethos,3,soare,lemel,ethos
etude,4,soare,guilt,lemel,etude
evade,4,soare,glitz,khuds,evade
event,3,soare,denet,event
every,3,soare,feted,every
evict,4,soare,denet,fitte,evict
evoke,4,soare,plink,lemel,evoke
exact,4,soare,depth,yonic,exact
exalt,4,soare,depth,yonic,exalt
excel,4,soare,denet,pical,excel
exert,3,soare,feted,exert
exile,4,soare,guilt,lemel,exile
exist,4,soare,teugh,lemel,exist
expel,4,soare,denet,pical,expel
extol,3,soare,lento,extol
extra,3,soare,total,extra
exult,4,soare,denet,fitte,exult
eying,4,soare,denet,lippy,eying
fable,4,soare,gault,demic,fable
facet,4,soare,natal,iftar,facet
faint,4,soare,clint,toped,faint
fairy,4,soare,milch,iftar,fairy
faith,4,soare,clint,lemel,faith
false,4,soare,thump,naira,false
fancy,3,soare,clint,fancy
fanny,4,soare,clint,naira,fanny
farce,3,soare,carbo,farce
fatal,4,soare,clint,matlo,fatal
fatty,4,soare,clint,bufty,fatty
fault,4,soare,clint,varia,fault
fauna,4,soare,clint,naira,fauna
favor,4,soare,maron,vales,favor
feast,3,soare,bufty,feast
fecal,4,soare,natal,demic,fecal
feign,4,soare,denet,heigh,feign
fella,4,soare,natal,lemel,fella
felon,4,soare,lento,lemel,felon
femme,4,soare,guilt,filch,femme
femur,4,soare,tined,clump,femur
fence,4,soare,guilt,filch,fence
feral,4,soare,talar,dirge,feral
ferry,3,soare,feted,ferry
fetal,4,soare,natal,metif,fetal
fetch,4,soare,denet,shtup,fetch
fetid,4,soare,denet,iftar,fetid
fetus,3,soare,teugh,fetus
fever,5,soare,tined,flump,sweet,fever
fewer,5,soare,tined,flump,sweet,fewer
fiber,5,soare,tined,rivel,burps,fiber
ficus,4,soare,hists,lemel,ficus
field,4,soare,denet,woofy,field
fiend,4,soare,denet,lemel,fiend
fiery,3,soare,feted,fiery
fifth,4,soare,clint,bufty,fifth
fifty,4,soare,clint,bufty,fifty
fight,4,soare,clint,metif,fight
filer,4,soare,tined,rivel,filer
filet,4,soare,denet,iftar,filet
filly,5,soare,clint,midgy,fowth,filly
filmy,4,soare,clint,midgy,filmy
filth,4,soare,clint,varia,filth
final,4,soare,clint,iftar,final
finch,4,soare,clint,woofy,finch
finer,4,soare,tined,lemel,finer
first,3,soare,cruft,first
fishy,3,soare,hists,fishy
fixer,5,soare,tined,rivel,burps,fixer
fizzy,4,soare,clint,fudgy,fizzy
fjord,3,soare,canid,fjord
flack,4,soare,clink,bayes,flack
flail,4,soare,clink,iftar,flail
flair,3,soare,clint,flair
flake,4,soare,glitz,plumb,flake
flaky,3,soare,clink,flaky
flame,4,soare,glitz,plumb,flame
flank,4,soare,clink,burps,flank
flare,3,soare,blaff,flare
flash,4,soare,chugs,lemel,flash
flask,4,soare,chugs,iftar,flask
fleck,4,soare,denet,hilch,fleck
fleet,4,soare,denet,iftar,fleet
flesh,3,soare,teugh,flesh
flick,3,soare,clint,flick
flier,4,soare,tined,blaff,flier
fling,4,soare,clint,dirge,fling
flint,4,soare,clint,iftar,flint
flirt,3,soare,tichy,flirt
float,4,soare,cloot,buffy,float
flock,4,soare,clint,bayes,flock
flood,4,soare,clint,iambi,flood
floor,4,soare,cutin,gloop,floor
flora,3,soare,abaci,flora
floss,3,soare,klong,floss
flour,4,soare,cutin,posse,flour
flout,3,soare,clint,flout
flown,4,soare,clint,bayes,flown
fluff,4,soare,clint,burps,fluff
fluid,3,soare,clint,fluid
fluke,4,soare,guilt,metif,fluke
flume,4,soare,guilt,metif,flume
flung,4,soare,clint,pikau,flung
flunk,4,soare,clint,pikau,flunk
flush,4,soare,hists,burps,flush
flute,3,soare,guilt,flute
flyer,4,soare,tined,flump,flyer
foamy,3,soare,lemel,foamy
focal,4,soare,liman,iftar,focal
focus,4,soare,jumby,lemel,focus
foggy,5,soare,culty,dhobi,iftar,foggy
foist,4,soare,jumby,trash,foist
folio,3,soare,culty,folio
folly,5,soare,culty,dough,iftar,folly
foray,3,soare,mylar,foray
force,3,soare,gouch,force
forge,3,soare,gouch,forge
forgo,4,soare,cyton,matlo,forgo
forte,4,soare,gouch,bayes,forte
forth,4,soare,cyton,iftar,forth
forty,3,soare,cyton,forty
forum,4,soare,cyton,matlo,forum
found,5,soare,culty,bumph,iftar,found
foyer,4,soare,rowth,flick,foyer
frail,4,soare,clint,iftar,frail
frame,5,soare,diact,vying,lemel,frame
frank,4,soare,clint,bipod,frank
fraud,4,soare,clint,toped,fraud
freak,5,soare,talar,brock,iftar,freak
freed,4,soare,tined,befog,freed
freer,5,soare,tined,flump,sweet,freer
fresh,4,soare,richt,lemel,fresh
friar,4,soare,riyal,iftar,friar
fried,4,soare,tined,decaf,fried
frill,4,soare,glint,kited,frill
frisk,3,soare,cruft,frisk
fritz,4,soare,glint,iftar,fritz
frock,3,soare,cutin,frock
frond,4,soare,cutin,toped,frond
front,3,soare,cutin,front
frost,3,soare,gitch,frost
froth,4,soare,cutin,shlub,froth
frown,4,soare,cutin,budge,frown
froze,4,soare,pwned,bufty,froze
fruit,3,soare,glint,fruit
fudge,5,soare,guilt,bonds,iftar,fudge
fugue,4,soare,guilt,bonds,fugue
fully,5,soare,clint,badly,iftar,fully
fungi,4,soare,clint,puddy,fungi
funky,4,soare,clint,hilch,funky
funny,4,soare,clint,bayes,funny
furor,4,soare,cutin,fehme,furor
furry,3,soare,tichy,furry
fussy,3,soare,hists,fussy
fuzzy,5,soare,clint,podgy,lemel,fuzzy
gaffe,3,soare,gault,gaffe
gaily,4,soare,clint,dirge,gaily
gamer,4,soare,talar,pigmy,gamer
gamma,4,soare,clint,midgy,gamma
gamut,3,soare,clint,gamut
gassy,4,soare,linty,bayes,gassy
gaudy,4,soare,clint,midgy,gaudy
gauge,4,soare,gault,dirge,gauge
gaunt,4,soare,clint,dough,gaunt
gauze,4,soare,gault,dirge,gauze
gavel,4,soare,natal,bumph,gavel
gawky,4,soare,clint,midgy,gawky
gayer,4,soare,talar,pigmy,gayer
gayly,4,soare,clint,dampy,gayly
gazer,4,soare,talar,pigmy,gazer
gecko,3,soare,lento,gecko
geeky,4,soare,denet,bayes,geeky
geese,3,soare,inapt,geese
genie,3,soare,guilt,genie
genre,3,soare,smowt,genre
ghost,3,soare,klong,ghost
ghoul,4,soare,clint,lemel,ghoul
giant,3,soare,clink,giant
giddy,4,soare,clint,fudgy,giddy
gipsy,3,soare,hists,gipsy
girly,3,soare,glint,girly
girth,3,soare,glint,girth
given,4,soare,denet,kylix,given
giver,4,soare,tined,rivel,giver
glade,3,soare,glitz,glade
gland,4,soare,clink,dirge,gland
glare,3,soare,blaff,glare
glass,3,soare,chugs,glass
glaze,3,soare,glitz,glaze
gleam,4,soare,natal,dirge,gleam
glean,4,soare,natal,yucko,glean
glide,3,soare,guilt,glide
glint,4,soare,clint,iftar,glint
gloat,4,soare,cloot,buffy,gloat
globe,4,soare,plink,vying,globe
gloom,4,soare,clint,iambi,gloom
glory,3,soare,canid,glory
gloss,3,soare,klong,gloss
glove,4,soare,plink,vying,glove
glyph,4,soare,clint,burps,glyph
gnash,3,soare,chugs,gnash
gnome,4,soare,plink,lemel,gnome
godly,4,soare,culty,droll,godly
going,4,soare,culty,dirge,going
golem,3,soare,meynt,golem
golly,4,soare,culty,dough,golly
gonad,3,soare,liman,gonad
goner,5,soare,rowth,flick,nixie,goner
goody,5,soare,culty,dhobi,smowt,goody
gooey,4,soare,meynt,dirge,gooey
goofy,5,soare,culty,dhobi,iftar,goofy
goose,4,soare,pilum,naira,goose
gorge,3,soare,gouch,gorge
gouge,3,soare,cloud,gouge
gourd,3,soare,almud,gourd
grace,4,soare,diact,bayes,grace
grade,3,soare,diact,grade
graft,4,soare,clint,dirge,graft
grail,4,soare,clint,iftar,grail
grain,4,soare,clint,dirge,grain
grand,4,soare,clint,bipod,grand
grant,3,soare,clint,grant
grape,5,soare,diact,vying,lippy,grape
graph,4,soare,clint,toped,graph
grasp,3,soare,chubs,grasp
grass,3,soare,chubs,grass
grate,3,soare,diact,grate
grave,4,soare,diact,vying,grave
gravy,4,soare,clint,toped,gravy
graze,5,soare,diact,vying,lippy,graze
great,3,soare,talar,great
greed,4,soare,tined,befog,greed
green,4,soare,tined,prows,green
greet,4,soare,tined,embar,greet
grief,4,soare,tined,blaff,grief
grill,3,soare,glint,grill
grime,4,soare,pudic,tribe,grime
grimy,3,soare,glint,grimy
grind,3,soare,glint,grind
gripe,4,soare,pudic,iftar,gripe
groan,4,soare,maron,smowt,groan
groin,3,soare,cutin,groin
groom,4,soare,cutin,gloop,groom
grope,4,soare,pwned,iftar,grope
gross,3,soare,gitch,gross
group,4,soare,cutin,posse,group
grout,4,soare,cutin,twoer,grout
grove,4,soare,pwned,bufty,grove
growl,4,soare,cutin,gloop,growl
grown,4,soare,cutin,budge,grown
gruel,5,soare,tined,flump,yucko,gruel
gruff,3,soare,glint,gruff
grunt,3,soare,glint,grunt
guard,3,soare,dhuti,guard
guava,4,soare,clink,naira,guava
guess,3,soare,teugh,guess
guest,3,soare,teugh,guest
guide,3,soare,guilt,guide
guild,4,soare,clint,dirge,guild
guile,3,soare,guilt,guile
guilt,4,soare,clint,squib,guilt
guise,3,soare,inapt,guise
gulch,4,soare,clint,lemel,gulch
gully,5,soare,clint,badly,iftar,gully
gumbo,4,soare,clint,mojos,gumbo
gummy,4,soare,clint,podgy,gummy
guppy,4,soare,clint,podgy,guppy
gusto,3,soare,klong,gusto
gusty,4,soare,hists,almud,gusty
gypsy,3,soare,hists,gypsy
habit,4,soare,clint,squib,habit
hairy,3,soare,milch,hairy
halve,4,soare,gault,varia,halve
handy,4,soare,clint,huggy,handy
happy,5,soare,clint,midgy,lippy,happy
hardy,4,soare,riyal,toped,hardy
harem,4,soare,talar,lemel,harem
harpy,4,soare,riyal,toped,harpy
harry,3,soare,milch,harry
harsh,3,soare,hiant,harsh
haste,3,soare,thump,haste
hasty,4,soare,linty,toped,hasty
hatch,4,soare,clint,hamba,hatch
hater,4,soare,talar,ethic,hater
haunt,4,soare,clint,dough,haunt
haute,3,soare,gault,haute
haven,4,soare,natal,varia,haven
havoc,4,soare,cloot,bayes,havoc
hazel,4,soare,natal,bumph,hazel
heady,3,soare,depth,heady
heard,3,soare,lathy,heard
heart,3,soare,lathy,heart
heath,3,soare,depth,heath
heave,4,soare,glitz,khuds,heave
heavy,3,soare,depth,heavy
hedge,4,soare,guilt,smowt,hedge
hefty,4,soare,denet,shtup,hefty
heist,3,soare,teugh,heist
helix,4,soare,denet,bylaw,helix
hello,4,soare,lento,yucko,hello
hence,4,soare,guilt,filch,hence
heron,3,soare,trued,heron
hilly,5,soare,clint,midgy,fowth,hilly
hinge,4,soare,guilt,benis,hinge
hippo,4,soare,clint,lippy,hippo
hippy,5,soare,clint,fudgy,lemel,hippy
hitch,4,soare,clint,wiped,hitch
hoard,3,soare,bayes,hoard
hobby,4,soare,culty,dhobi,hobby
hoist,4,soare,jumby,trash,hoist
holly,4,soare,culty,dough,holly
homer,4,soare,rowth,lemel,homer
honey,4,soare,meynt,bayes,honey
honor,4,soare,cyton,dirge,honor
horde,3,soare,gouch,horde
horny,3,soare,cyton,horny
horse,3,soare,dhows,horse
hotel,4,soare,meynt,iftar,hotel
hotly,3,soare,culty,hotly
hound,4,soare,culty,bumph,hound
house,3,soare,pilum,house
hovel,4,soare,meynt,diver,hovel
hover,4,soare,rowth,lemel,hover
howdy,4,soare,culty,dhobi,howdy
human,4,soare,clint,huggy,human
humid,4,soare,clint,fudgy,humid
humor,4,soare,cutin,fehme,humor
humph,4,soare,clint,podgy,humph
humus,3,soare,hists,humus
hunch,4,soare,clint,plumb,hunch
hunky,4,soare,clint,hilch,hunky
hurry,3,soare,tichy,hurry
husky,3,soare,hists,husky
hussy,3,soare,hists,hussy
hutch,4,soare,clint,debud,hutch
hydro,3,soare,canid,hydro
hyena,4,soare,natal,lemel,hyena
hymen,4,soare,denet,kylix,hymen
hyper,4,soare,tined,flump,hyper
icily,3,soare,clint,icily
icing,3,soare,clint,icing
ideal,4,soare,natal,demic,ideal
idiom,4,soare,clint,iftar,idiom
idiot,3,soare,clint,idiot
idler,4,soare,tined,lemel,idler
idyll,4,soare,clint,midgy,idyll
igloo,4,soare,clint,lemel,igloo
iliac,3,soare,clint,iliac
image,3,soare,glitz,image
imbue,4,soare,guilt,lemel,imbue
impel,4,soare,denet,pical,impel
imply,4,soare,clint,midgy,imply
inane,3,soare,glitz,inane
inbox,4,soare,clint,bayes,inbox
incur,3,soare,glint,incur
index,4,soare,denet,jewie,index
inept,4,soare,denet,lemel,inept
inert,3,soare,feted,inert
infer,3,soare,tined,infer
ingot,3,soare,clint,ingot
inlay,4,soare,clint,iftar,inlay
inlet,4,soare,denet,lemel,inlet
inner,3,soare,tined,inner
input,4,soare,clint,iftar,input
inter,3,soare,tined,inter
intro,3,soare,canid,intro
ionic,4,soare,culty,naira,ionic
irate,3,soare,diact,irate
irony,4,soare,cutin,iftar,irony
islet,4,soare,teugh,lemel,islet
issue,3,soare,inapt,issue
itchy,4,soare,clint,wiped,itchy
ivory,3,soare,canid,ivory
jaunt,5,soare,clint,dough,ajiva,jaunt
jazzy,5,soare,clint,midgy,lippy,jazzy
jelly,4,soare,denet,bylaw,jelly
jerky,4,soare,tined,clump,jerky
jetty,4,soare,denet,shtup,jetty
jewel,4,soare,denet,bravi,jewel
jiffy,4,soare,clint,fudgy,jiffy
joint,4,soare,culty,inapt,joint
joist,3,soare,jumby,joist
joker,5,soare,rowth,flick,lippy,joker
jolly,5,soare,culty,dough,iftar,jolly
joust,3,soare,jumby,joust
judge,5,soare,guilt,bonds,iftar,judge
juice,3,soare,guilt,juice
juicy,4,soare,clint,yucko,juicy
jumbo,4,soare,clint,mojos,jumbo
jumpy,4,soare,clint,podgy,jumpy
junta,4,soare,clint,bayes,junta
junto,3,soare,clint,junto
juror,4,soare,cutin,fehme,juror
kappa,4,soare,clint,midgy,kappa
karma,4,soare,riyal,yucko,karma
kayak,4,soare,clint,midgy,kayak
kebab,4,soare,natal,yucko,kebab
khaki,3,soare,clink,khaki
kinky,4,soare,clint,puddy,kinky
kiosk,3,soare,klong,kiosk
kitty,5,soare,clint,bufty,dhows,kitty
knack,3,soare,clink,knack
knave,4,soare,glitz,khuds,knave
knead,4,soare,natal,budge,knead
kneed,4,soare,denet,jewie,kneed
kneel,4,soare,denet,kylix,kneel
knelt,4,soare,denet,lemel,knelt
knife,4,soare,guilt,dhows,knife
knock,3,soare,clint,knock
knoll,4,soare,clint,lemel,knoll
known,3,soare,clint,known
koala,3,soare,lemel,koala
krill,4,soare,glint,kited,krill
label,4,soare,natal,bumph,label
labor,4,soare,maron,vales,labor
laden,3,soare,natal,laden
ladle,4,soare,gault,demic,ladle
lager,4,soare,talar,bayes,lager
lance,4,soare,gault,varia,lance
lanky,4,soare,clint,tanka,lanky
lapel,4,soare,natal,bumph,lapel
lapse,3,soare,thump,lapse
large,3,soare,carbo,large
larva,3,soare,riyal,larva
lasso,3,soare,lemel,lasso
latch,3,soare,clint,latch
later,3,soare,talar,later
lathe,4,soare,gault,oonts,lathe
latte,4,soare,gault,oonts,latte
laugh,4,soare,clint,dampy,laugh
layer,4,soare,talar,bayes,layer
leach,4,soare,depth,lemel,leach
leafy,4,soare,depth,liker,leafy
leaky,4,soare,depth,liker,leaky
leant,4,soare,depth,lemel,leant
leapt,3,soare,depth,leapt
learn,3,soare,lathy,learn
lease,3,soare,teuch,lease
leash,3,soare,bufty,leash
least,3,soare,bufty,least
leave,4,soare,glitz,lemel,leave
ledge,3,soare,guilt,ledge
leech,4,soare,denet,bayes,leech
leery,3,soare,feted,leery
lefty,4,soare,denet,shtup,lefty
legal,4,soare,natal,demic,legal
leggy,4,soare,denet,bylaw,leggy
lemon,3,soare,lento,lemon
lemur,4,soare,tined,clump,lemur
leper,5,soare,tined,flump,lemel,leper
level,4,soare,denet,bravi,level
lever,5,soare,tined,flump,belar,lever
libel,4,soare,denet,pical,libel
liege,4,soare,guilt,lemel,liege
light,4,soare,clint,lemel,light
liken,4,soare,denet,kylix,liken
lilac,3,soare,clint,lilac
limbo,4,soare,clint,lemel,limbo
limit,4,soare,clint,lemel,limit
linen,4,soare,denet,lemel,linen
liner,4,soare,tined,lemel,liner
lingo,3,soare,clint,lingo
lipid,5,soare,clint,midgy,varia,lipid
lithe,4,soare,guilt,lemel,lithe
liver,4,soare,tined,rivel,liver
livid,5,soare,clint,midgy,varia,livid
llama,4,soare,clink,lemel,llama
loamy,3,soare,lemel,loamy
loath,3,soare,lemel,loath
lobby,4,soare,culty,droll,lobby
local,4,soare,liman,bayes,local
locus,4,soare,jumby,lemel,locus
lodge,3,soare,cloud,lodge
lofty,3,soare,culty,lofty
logic,3,soare,culty,logic
login,3,soare,culty,login
loopy,4,soare,culty,droll,loopy
loose,3,soare,pilum,loose
lorry,3,soare,almud,lorry
loser,3,soare,lemel,loser
louse,3,soare,pilum,louse
lousy,3,soare,jumby,lousy
lover,4,soare,rowth,flick,lover
lower,4,soare,rowth,caple,lower
lowly,4,soare,culty,droll,lowly
loyal,4,soare,liman,bayes,loyal
lucid,3,soare,clint,lucid
lucky,4,soare,clint,lemel,lucky
lumen,4,soare,denet,kylix,lumen
lumpy,5,soare,clint,badly,lemel,lumpy
lunar,4,soare,riyal,lemel,lunar
lunch,3,soare,clint,lunch
lunge,4,soare,guilt,lemel,lunge
lupus,4,soare,hists,lemel,lupus
lurch,4,soare,glint,crudy,lurch
lurid,4,soare,glint,bayes,lurid
lusty,4,soare,hists,almud,lusty
lying,3,soare,clint,lying
lymph,4,soare,clint,badly,lymph
lyric,4,soare,glint,bayes,lyric
macaw,4,soare,clint,lemel,macaw
macho,3,soare,cloot,macho
macro,3,soare,abaci,macro
madam,4,soare,clint,midgy,madam
madly,4,soare,clint,dampy,madly
mafia,4,soare,clint,taxed,mafia
magic,3,soare,clint,magic
magma,4,soare,clint,midgy,magma
maize,4,soare,gault,miner,maize
major,4,soare,maron,bayes,major
maker,4,soare,talar,pigmy,maker
mambo,4,soare,cloot,bayes,mambo
mamma,4,soare,clint,midgy,mamma
mammy,4,soare,clint,midgy,mammy
manga,4,soare,clint,huggy,manga
mange,4,soare,gault,lemel,mange
mango,4,soare,cloot,bayes,mango
mangy,4,soare,clint,huggy,mangy
mania,4,soare,clint,lemel,mania
manic,4,soare,clint,lemel,manic
manly,4,soare,clint,tanka,manly
manor,3,soare,maron,manor
maple,4,soare,gault,demic,maple
march,4,soare,riyal,yucko,march
marry,3,soare,milch,marry
marsh,3,soare,hiant,marsh
mason,3,soare,lemel,mason
masse,3,soare,thump,masse
match,4,soare,clint,hamba,match
matey,3,soare,natal,matey
mauve,3,soare,gault,mauve
maxim,4,soare,clint,taxed,maxim
maybe,4,soare,gault,miner,maybe
mayor,4,soare,maron,bayes,mayor
mealy,4,soare,depth,liker,mealy
meant,4,soare,depth,lemel,meant
meaty,3,soare,depth,meaty
mecca,4,soare,natal,naira,mecca
medal,4,soare,natal,demic,medal
media,4,soare,natal,naira,media
medic,3,soare,denet,medic
melee,4,soare,guilt,lemel,melee
melon,4,soare,lento,lemel,melon
mercy,4,soare,tined,clump,mercy
merge,4,soare,pudic,vying,merge
merit,4,soare,tined,lemel,merit
merry,4,soare,feted,lemel,merry
metal,4,soare,natal,metif,metal
meter,4,soare,tined,embar,meter
metro,3,soare,lemel,metro
micro,3,soare,canid,micro
midge,4,soare,guilt,benis,midge
midst,4,soare,hists,lemel,midst
might,4,soare,clint,metif,might
milky,4,soare,clint,midgy,milky
mimic,4,soare,clint,bayes,mimic
mince,4,soare,guilt,newed,mince
miner,4,soare,tined,lemel,miner
minim,4,soare,clint,puddy,minim
minor,4,soare,cutin,iftar,minor
minty,4,soare,clint,lemel,minty
minus,4,soare,hists,lemel,minus
mirth,4,soare,glint,bayes,mirth
miser,4,soare,richt,lemel,miser
missy,3,soare,hists,missy
mocha,4,soare,liman,yucko,mocha
modal,3,soare,liman,modal
model,4,soare,meynt,lemel,model
modem,4,soare,meynt,lemel,modem
mogul,4,soare,culty,lemel,mogul
moist,3,soare,jumby,moist
molar,3,soare,mylar,molar
moldy,4,soare,culty,dough,moldy
money,3,soare,meynt,money
month,4,soare,culty,books,month
moody,5,soare,culty,dhobi,smowt,moody
moose,3,soare,pilum,moose
moral,3,soare,mylar,moral
moron,3,soare,cyton,moron
morph,4,soare,cyton,matlo,morph
mossy,3,soare,jumby,mossy
motel,3,soare,meynt,motel
motif,4,soare,culty,inapt,motif
motor,4,soare,cyton,lemel,motor
motto,4,soare,culty,books,motto
moult,3,soare,culty,moult
mound,4,soare,culty,bumph,mound
mount,4,soare,culty,benis,mount
mourn,3,soare,almud,mourn
mouse,3,soare,pilum,mouse
mouth,3,soare,culty,mouth
mover,5,soare,rowth,flick,nixie,mover
movie,3,soare,cloud,movie
mower,4,soare,rowth,caple,mower
mucky,4,soare,clint,lemel,mucky
mucus,4,soare,hists,lemel,mucus
muddy,5,soare,clint,podgy,lemel,muddy
mulch,4,soare,clint,lemel,mulch
mummy,5,soare,clint,podgy,lemel,mummy
munch,4,soare,clint,plumb,munch
mural,3,soare,riyal,mural
murky,4,soare,glint,pucka,murky
mushy,4,soare,hists,iambi,mushy
music,3,soare,hists,music
musky,4,soare,hists,lemel,musky
musty,4,soare,hists,almud,musty
myrrh,3,soare,tichy,myrrh
nadir,4,soare,riyal,naira,nadir
naive,4,soare,gault,miner,naive
nanny,4,soare,clint,naira,nanny
nasal,3,soare,linty,nasal
nasty,3,soare,linty,nasty
natal,3,soare,clint,natal
naval,4,soare,clint,tanka,naval
navel,3,soare,natal,navel
needy,3,soare,denet,needy
neigh,4,soare,denet,heigh,neigh
nerdy,3,soare,tined,nerdy
nerve,4,soare,pudic,vying,nerve
never,4,soare,tined,prows,never
newer,4,soare,tined,prows,newer
newly,4,soare,denet,heigh,newly
nicer,4,soare,tined,naira,nicer
niche,4,soare,guilt,newed,niche
niece,4,soare,guilt,newed,niece
night,4,soare,clint,iftar,night
ninja,4,soare,clint,lemel,ninja
ninny,3,soare,clint,ninny
ninth,4,soare,clint,lemel,ninth
noble,3,soare,cloud,noble
nobly,4,soare,culty,droll,nobly
noise,3,soare,pilum,noise
noisy,3,soare,jumby,noisy
nomad,3,soare,liman,nomad
noose,4,soare,pilum,naira,noose
north,3,soare,cyton,north
nosey,3,soare,lemel,nosey
notch,4,soare,culty,nixie,notch
novel,4,soare,meynt,woven,novel
nudge,4,soare,guilt,bonds,nudge
nurse,3,soare,punto,nurse
nutty,3,soare,clint,nutty
nylon,4,soare,clint,lemel,nylon
nymph,4,soare,clint,hilch,nymph
oaken,3,soare,lemel,oaken
obese,3,soare,ethic,obese
occur,3,soare,cutin,occur
ocean,3,soare,lemel,ocean
octal,3,soare,cloot,octal
octet,3,soare,lento,octet
odder,4,soare,trued,lemel,odder
oddly,4,soare,clint,lemel,oddly
offal,3,soare,cloot,offal
offer,4,soare,trued,naira,offer
often,3,soare,lento,often
olden,3,soare,lento,olden
older,4,soare,trued,lemel,older
olive,3,soare,plink,olive
ombre,3,soare,lemel,ombre
omega,3,soare,lemel,omega
onion,4,soare,clint,yucko,onion
onset,3,soare,lemel,onset
opera,2,soare,opera
opine,3,soare,plink,opine
opium,4,soare,clint,iftar,opium
optic,3,soare,clint,optic
orbit,4,soare,cutin,bayes,orbit
order,3,soare,trued,order
organ,4,soare,maron,smowt,organ
other,4,soare,trued,iftar,other
otter,4,soare,trued,iftar,otter
ought,3,soare,clint,ought
ounce,4,soare,plink,lemel,ounce
outdo,4,soare,clint,dhows,outdo
outer,3,soare,trued,outer
outgo,4,soare,clint,dhows,outgo
ovary,2,soare,ovary
ovate,2,soare,ovate
overt,3,soare,lemel,overt
ovine,3,soare,plink,ovine
ovoid,4,soare,clint,lippy,ovoid
owing,3,soare,clint,owing
owner,4,soare,trued,naira,owner
oxide,3,soare,plink,oxide
ozone,3,soare,plink,ozone
paddy,5,soare,clint,midgy,lippy,paddy
pagan,4,soare,clint,huggy,pagan
paint,4,soare,clint,toped,paint
paler,4,soare,talar,bayes,paler
palsy,3,soare,linty,palsy
panel,3,soare,natal,panel
panic,4,soare,clint,lemel,panic
pansy,3,soare,linty,pansy
papal,4,soare,clint,dampy,papal
paper,5,soare,talar,pigmy,varia,paper
parer,5,soare,talar,pigmy,varia,parer
parka,4,soare,riyal,yucko,parka
parry,4,soare,milch,bayes,parry
parse,3,soare,naira,parse
party,4,soare,riyal,toped,party
pasta,3,soare,linty,pasta
paste,3,soare,thump,paste
pasty,4,soare,linty,toped,pasty
patch,5,soare,clint,hamba,lippy,patch
patio,4,soare,cloot,naira,patio
patsy,3,soare,linty,patsy
patty,5,soare,clint,bufty,lippy,patty
pause,3,soare,thump,pause
payee,4,soare,gault,miner,payee
payer,4,soare,talar,pigmy,payer
peace,5,soare,glitz,khuds,varia,peace
peach,3,soare,depth,peach
pearl,3,soare,lathy,pearl
pecan,4,soare,natal,budge,pecan
pedal,4,soare,natal,demic,pedal
penal,3,soare,natal,penal
pence,4,soare,guilt,filch,pence
penne,4,soare,guilt,filch,penne
penny,4,soare,denet,bayes,penny
perch,4,soare,tined,clump,perch
peril,4,soare,tined,lemel,peril
perky,4,soare,tined,clump,perky
pesky,3,soare,teugh,pesky
pesto,3,soare,lemel,pesto
petal,4,soare,natal,metif,petal
petty,4,soare,denet,shtup,petty
phase,3,soare,teuch,phase
phone,3,soare,plink,phone
phony,3,soare,clint,phony
photo,4,soare,clint,dhows,photo
piano,2,soare,piano
picky,4,soare,clint,bayes,picky
piece,4,soare,guilt,newed,piece
piety,4,soare,denet,varia,piety
piggy,4,soare,clint,fudgy,piggy
pilot,3,soare,clint,pilot
pinch,4,soare,clint,woofy,pinch
piney,4,soare,denet,lemel,piney
pinky,4,soare,clint,puddy,pinky
pinto,3,soare,clint,pinto
piper,5,soare,tined,rivel,burps,piper
pique,4,soare,guilt,lemel,pique
pitch,4,soare,clint,wiped,pitch
pithy,4,soare,clint,bufty,pithy
pivot,4,soare,clint,bayes,pivot
pixel,4,soare,denet,pical,pixel
pixie,4,soare,guilt,newed,pixie
pizza,4,soare,clint,taxed,pizza
place,5,soare,glitz,plumb,naira,place
plaid,4,soare,clink,iftar,plaid
plain,3,soare,clink,plain
plait,4,soare,clink,iftar,plait
plane,5,soare,glitz,plumb,naira,plane
plank,4,soare,clink,burps,plank
plant,4,soare,clink,dirge,plant
plate,4,soare,glitz,lemel,plate
plaza,4,soare,clink,lemel,plaza
plead,4,soare,natal,dirge,plead
pleat,4,soare,natal,crape,pleat
plied,4,soare,denet,benis,plied
plier,4,soare,tined,blaff,plier
pluck,3,soare,clint,pluck
plumb,4,soare,clint,burps,plumb
plume,4,soare,guilt,metif,plume
plump,4,soare,clint,burps,plump
plunk,4,soare,clint,pikau,plunk
plush,4,soare,hists,burps,plush
poesy,3,soare,lemel,poesy
point,4,soare,culty,inapt,point
poise,3,soare,pilum,poise
poker,5,soare,rowth,flick,lippy,poker
polar,3,soare,mylar,polar
polka,3,soare,liman,polka
polyp,3,soare,culty,polyp
pooch,4,soare,culty,naira,pooch
poppy,5,soare,culty,dhobi,iftar,poppy
porch,3,soare,cyton,porch
poser,3,soare,lemel,poser
posit,4,soare,jumby,trash,posit
posse,3,soare,pilum,posse
pouch,4,soare,culty,varia,pouch
pound,4,soare,culty,bumph,pound
pouty,3,soare,culty,pouty
power,4,soare,rowth,caple,power
prank,4,soare,clint,bipod,prank
prawn,4,soare,clint,toped,prawn
preen,4,soare,tined,prows,preen
press,4,soare,richt,lippy,press
price,3,soare,pudic,price
prick,4,soare,glint,crape,prick
pride,3,soare,pudic,pride
pried,4,soare,tined,decaf,pried
prime,4,soare,pudic,lemel,prime
primo,4,soare,cutin,diver,primo
print,3,soare,glint,print
prior,4,soare,cutin,diver,prior
prism,4,soare,cruft,lemel,prism
privy,4,soare,glint,crape,privy
prize,4,soare,pudic,lemel,prize
probe,4,soare,pwned,bayes,probe
prone,3,soare,pwned,prone
prong,4,soare,cutin,toped,prong
proof,4,soare,cutin,gloop,proof
prose,2,soare,prose
proud,4,soare,cutin,posse,proud
prove,4,soare,pwned,bayes,prove
prowl,4,soare,cutin,gloop,prowl
proxy,4,soare,cutin,gloop,proxy
prude,3,soare,pudic,prude
prune,3,soare,pudic,prune
psalm,4,soare,chugs,iftar,psalm
pubic,4,soare,clint,bayes,pubic
pudgy,4,soare,clint,podgy,pudgy
puffy,5,soare,clint,podgy,iftar,puffy
pulpy,5,soare,clint,badly,lemel,pulpy
pulse,3,soare,inapt,pulse
punch,4,soare,clint,plumb,punch
pupil,4,soare,clint,midgy,pupil
puppy,5,soare,clint,podgy,iftar,puppy
puree,4,soare,pudic,lemel,puree
purer,5,soare,tined,flump,varia,purer
purge,4,soare,pudic,lemel,purge
purse,3,soare,punto,purse
pushy,4,soare,hists,iambi,pushy
putty,4,soare,clint,bayes,putty
pygmy,4,soare,clint,podgy,pygmy
quack,4,soare,clink,squib,quack
quail,4,soare,clink,naira,quail
quake,4,soare,glitz,khuds,quake
qualm,3,soare,clink,qualm
quark,3,soare,dhuti,quark
quart,3,soare,dhuti,quart
quash,3,soare,chugs,quash
quasi,3,soare,chugs,quasi
queen,4,soare,denet,kylix,queen
queer,5,soare,tined,flump,bayes,queer
quell,4,soare,denet,hilch,quell
query,4,soare,feted,lemel,query
quest,4,soare,teugh,posse,quest
queue,4,soare,guilt,lemel,queue
quick,4,soare,clint,yucko,quick
quiet,4,soare,denet,iftar,quiet
quill,4,soare,clint,dirge,quill
quilt,4,soare,clint,squib,quilt
quirk,3,soare,tichy,quirk
quite,3,soare,guilt,quite
quota,3,soare,cloot,quota
quote,3,soare,plink,quote
quoth,4,soare,clint,dhows,quoth
rabbi,4,soare,riyal,toped,rabbi
rabid,4,soare,riyal,toped,rabid
racer,5,soare,talar,pigmy,barre,racer
radar,4,soare,riyal,iftar,radar
radii,4,soare,riyal,toped,radii
radio,4,soare,maron,iftar,radio
rainy,3,soare,riyal,rainy
raise,3,soare,naira,raise
rajah,4,soare,riyal,iftar,rajah
rally,3,soare,riyal,rally
ralph,3,soare,riyal,ralph
ramen,4,soare,talar,lemel,ramen
ranch,4,soare,riyal,lemel,ranch
randy,4,soare,riyal,naira,randy
range,3,soare,carbo,range
rapid,4,soare,riyal,toped,rapid
rarer,5,soare,talar,pigmy,barre,rarer
raspy,3,soare,hiant,raspy
ratio,4,soare,maron,iftar,ratio
ratty,4,soare,riyal,naira,ratty
raven,4,soare,talar,lemel,raven
rayon,3,soare,maron,rayon
razor,4,soare,maron,vales,razor
reach,3,soare,hilch,reach
react,3,soare,hilch,react
ready,3,soare,hilch,ready
realm,3,soare,hilch,realm
rearm,4,soare,lathy,lemel,rearm
rebar,4,soare,talar,dirge,rebar
rebel,5,soare,tined,flump,belar,rebel
rebus,3,soare,richt,rebus
rebut,4,soare,tined,cruft,rebut
recap,4,soare,talar,brock,recap
recur,4,soare,tined,clump,recur
recut,4,soare,tined,cruft,recut
reedy,4,soare,tined,lemel,reedy
refer,4,soare,tined,flump,refer
refit,4,soare,tined,lemel,refit
regal,4,soare,talar,dirge,regal
rehab,4,soare,talar,brock,rehab
reign,3,soare,tined,reign
relax,4,soare,talar,bayes,relax
relay,4,soare,talar,bayes,relay
relic,4,soare,tined,lemel,relic
remit,4,soare,tined,lemel,remit
renal,4,soare,talar,dirge,renal
renew,3,soare,tined,renew
repay,4,soare,talar,brock,repay
repel,5,soare,tined,flump,lemel,repel
reply,4,soare,tined,clump,reply
rerun,3,soare,tined,rerun
reset,3,soare,richt,reset
resin,3,soare,richt,resin
retch,4,soare,tined,cruft,retch
retro,3,soare,lemel,retro
retry,3,soare,feted,retry
reuse,3,soare,punto,reuse
revel,5,soare,tined,flump,belar,revel
revue,4,soare,pudic,lemel,revue
rhino,4,soare,cutin,iftar,rhino
rhyme,4,soare,pudic,vying,rhyme
rider,4,soare,tined,ridic,rider
ridge,3,soare,pudic,ridge
rifle,4,soare,pudic,tribe,rifle
right,3,soare,glint,right
rigid,3,soare,glint,rigid
rigor,4,soare,cutin,diver,rigor
rinse,3,soare,punto,rinse
ripen,4,soare,tined,naira,ripen
riper,4,soare,tined,rivel,riper
risen,4,soare,richt,naira,risen
riser,4,soare,richt,naira,riser
risky,3,soare,cruft,risky
rival,3,soare,riyal,rival
river,4,soare,tined,rivel,river
rivet,3,soare,tined,rivet
roach,2,soare,roach
roast,2,soare,roast
robin,3,soare,cyton,robin
robot,3,soare,cyton,robot
rocky,3,soare,cyton,rocky
rodeo,4,soare,rowth,dirge,rodeo
roger,4,soare,rowth,dirge,roger
rogue,3,soare,gouch,rogue
roomy,4,soare,cyton,dirge,roomy
roost,3,soare,woofy,roost
rotor,4,soare,cyton,lemel,rotor
rouge,3,soare,gouch,rouge
rough,4,soare,cyton,matlo,rough
round,3,soare,cyton,round
rouse,3,soare,dhows,rouse
route,3,soare,gouch,route
rover,4,soare,rowth,dirge,rover
rowdy,4,soare,cyton,dirge,rowdy
rower,3,soare,rowth,rower
royal,3,soare,mylar,royal
ruddy,4,soare,glint,pucka,ruddy
ruder,4,soare,tined,debud,ruder
rugby,3,soare,glint,rugby
ruler,4,soare,tined,flump,ruler
rumba,4,soare,riyal,lemel,rumba
rumor,4,soare,cutin,fehme,rumor
rupee,3,soare,pudic,rupee
rural,3,soare,riyal,rural
rusty,3,soare,cruft,rusty
sadly,3,soare,dault,sadly
safer,3,soare,women,safer
saint,3,soare,dault,saint
salad,3,soare,dault,salad
sally,3,soare,dault,sally
salon,3,soare,vying,salon
salsa,3,soare,dault,salsa
salty,3,soare,dault,salty
salve,3,soare,yucko,salve
salvo,3,soare,vying,salvo
sandy,3,soare,dault,sandy
saner,3,soare,women,saner
sappy,4,soare,dault,posse,sappy
sassy,4,soare,dault,posse,sassy
satin,3,soare,dault,satin
satyr,3,soare,umpty,satyr
sauce,3,soare,yucko,sauce
saucy,4,soare,dault,bayes,saucy
sauna,4,soare,dault,bayes,sauna
saute,3,soare,yucko,saute
savor,2,soare,savor
savoy,3,soare,vying,savoy
savvy,4,soare,dault,posse,savvy
scald,4,soare,thilk,paysd,scald
scale,3,soare,thilk,scale
scalp,4,soare,thilk,paysd,scalp
scaly,4,soare,thilk,paysd,scaly
scamp,4,soare,thilk,stows,scamp
scant,4,soare,thilk,demit,scant
scare,3,soare,punch,scare
scarf,4,soare,thack,bayes,scarf
scary,4,soare,thack,bayes,scary
scene,3,soare,pling,scene
scent,3,soare,clipt,scent
scion,3,soare,cloot,scion
scoff,4,soare,cloot,hilch,scoff
scold,4,soare,cloot,lemel,scold
scone,4,soare,knelt,yucko,scone
scoop,3,soare,cloot,scoop
scope,4,soare,knelt,varia,scope
score,3,soare,punch,score
scorn,3,soare,chant,scorn
scour,2,soare,scour
scout,3,soare,cloot,scout
scowl,4,soare,cloot,lemel,scowl
scram,3,soare,umpty,scram
scrap,3,soare,umpty,scrap
scree,3,soare,puree,scree
screw,4,soare,newie,yucko,screw
scrub,3,soare,butch,scrub
scrum,3,soare,butch,scrum
scuba,3,soare,dault,scuba
sedan,3,soare,knelt,sedan
seedy,4,soare,clipt,lemel,seedy
segue,3,soare,pling,segue
seize,4,soare,pling,lemel,seize
semen,4,soare,clipt,lemel,semen
sense,3,soare,pling,sense
sepia,3,soare,knelt,sepia
serif,3,soare,newie,serif
serum,3,soare,newie,serum
serve,3,soare,puree,serve
setup,4,soare,clipt,lemel,setup
seven,4,soare,clipt,lemel,seven
sever,3,soare,newie,sever
sewer,3,soare,newie,sewer
shack,4,soare,thilk,naira,shack
shade,4,soare,thilk,umped,shade
shady,3,soare,thilk,shady
shaft,3,soare,thilk,shaft
shake,3,soare,thilk,shake
shaky,3,soare,thilk,shaky
shale,3,soare,thilk,shale
shall,3,soare,thilk,shall
shalt,3,soare,thilk,shalt
shame,4,soare,thilk,umped,shame
shank,4,soare,thilk,naira,shank
shape,4,soare,thilk,umped,shape
shard,4,soare,thack,lippy,shard
share,3,soare,punch,share
shark,3,soare,thack,shark
sharp,4,soare,thack,lippy,sharp
shave,4,soare,thilk,umped,shave
shawl,3,soare,thilk,shawl
shear,4,soare,women,lippy,shear
sheen,4,soare,clipt,lemel,sheen
sheep,4,soare,clipt,wands,sheep
sheer,4,soare,newie,iftar,sheer
sheet,4,soare,clipt,smowt,sheet
sheik,4,soare,clipt,lemel,sheik
shelf,4,soare,clipt,fowth,shelf
shell,4,soare,clipt,fowth,shell
shied,3,soare,clipt,shied
shift,3,soare,thilk,shift
shine,4,soare,pling,smowt,shine
shiny,3,soare,thilk,shiny
shire,3,soare,lippy,shire
shirk,3,soare,light,shirk
shirt,3,soare,light,shirt
shoal,3,soare,vying,shoal
shock,4,soare,cloot,hilch,shock
shone,4,soare,knelt,yucko,shone
shook,4,soare,cloot,spank,shook
shoot,3,soare,cloot,shoot
shore,3,soare,punch,shore
shorn,3,soare,chant,shorn
short,3,soare,chant,short
shout,4,soare,cloot,punch,shout
shove,4,soare,knelt,varia,shove
shown,4,soare,cloot,thans,shown
showy,4,soare,cloot,thans,showy
shrew,4,soare,newie,yucko,shrew
shrub,3,soare,butch,shrub
shrug,3,soare,butch,shrug
shuck,3,soare,thilk,shuck
shunt,3,soare,thilk,shunt
shush,3,soare,thilk,shush
shyly,3,soare,thilk,shyly
siege,3,soare,pling,siege
sieve,3,soare,pling,sieve
sight,4,soare,thilk,smowt,sight
sigma,3,soare,dault,sigma
silky,3,soare,thilk,silky
silly,3,soare,thilk,silly
since,3,soare,pling,since
sinew,4,soare,clipt,lemel,sinew
singe,3,soare,pling,singe
siren,3,soare,newie,siren
sissy,4,soare,thilk,bayes,sissy
sixth,4,soare,thilk,smowt,sixth
sixty,3,soare,thilk,sixty
skate,4,soare,thilk,yucko,skate
skier,3,soare,newie,skier
skiff,4,soare,thilk,lippy,skiff
skill,3,soare,thilk,skill
skimp,4,soare,thilk,lippy,skimp
skirt,3,soare,light,skirt
skulk,3,soare,thilk,skulk
skull,3,soare,thilk,skull
skunk,4,soare,thilk,crape,skunk
slack,3,soare,thilk,slack
slain,4,soare,thilk,lemel,slain
slang,3,soare,thilk,slang
slant,3,soare,thilk,slant
slash,3,soare,thilk,slash
slate,3,soare,thilk,slate
sleek,3,soare,clipt,sleek
sleep,3,soare,clipt,sleep
sleet,3,soare,clipt,sleet
slept,3,soare,clipt,slept
slice,4,soare,pling,mozed,slice
slick,4,soare,thilk,naira,slick
slide,4,soare,pling,mozed,slide
slime,4,soare,pling,mozed,slime
slimy,4,soare,thilk,lemel,slimy
sling,4,soare,thilk,lemel,sling
slink,4,soare,thilk,naira,slink
sloop,3,soare,cloot,sloop
slope,3,soare,knelt,slope
slosh,3,soare,cloot,slosh
sloth,3,soare,cloot,sloth
slump,4,soare,thilk,lemel,slump
slung,4,soare,thilk,lemel,slung
slunk,3,soare,thilk,slunk
slurp,3,soare,light,slurp
slush,3,soare,thilk,slush
slyly,4,soare,thilk,bayes,slyly
smack,4,soare,thilk,vying,smack
small,4,soare,thilk,paysd,small
smart,4,soare,thack,lemel,smart
smash,4,soare,thilk,lemel,smash
smear,3,soare,women,smear
smell,4,soare,clipt,fowth,smell
smelt,3,soare,clipt,smelt
smile,3,soare,pling,smile
smirk,3,soare,light,smirk
smite,4,soare,pling,lemel,smite
smith,3,soare,thilk,smith
smock,4,soare,cloot,hilch,smock
smoke,4,soare,knelt,lemel,smoke
smoky,4,soare,cloot,thans,smoky
smote,4,soare,knelt,lemel,smote
snack,4,soare,thilk,vying,snack
snail,4,soare,thilk,lemel,snail
snake,3,soare,thilk,snake
snaky,3,soare,thilk,snaky
snare,3,soare,punch,snare
snarl,4,soare,thack,lemel,snarl
sneak,3,soare,knelt,sneak
sneer,3,soare,newie,sneer
snide,3,soare,pling,snide
sniff,4,soare,thilk,powns,sniff
snipe,3,soare,pling,snipe
snoop,4,soare,cloot,spank,snoop
snore,3,soare,punch,snore
snort,3,soare,chant,snort
snout,4,soare,cloot,punch,snout
snowy,4,soare,cloot,thans,snowy
snuck,4,soare,thilk,crape,snuck
snuff,4,soare,thilk,vying,snuff
soapy,2,soare,soapy
sober,3,soare,bayes,sober
soggy,3,soare,cutty,soggy
solar,3,soare,lemel,solar
solid,3,soare,cutty,solid
solve,2,soare,solve
sonar,3,soare,lemel,sonar
sonic,3,soare,cutty,sonic
sooth,3,soare,cutty,sooth
sooty,3,soare,cutty,sooty
sorry,2,soare,sorry
sound,3,soare,cutty,sound
south,3,soare,cutty,south
sower,3,soare,bayes,sower
space,4,soare,thilk,yucko,space
spade,4,soare,thilk,yucko,spade
spank,4,soare,thilk,vying,spank
spare,3,soare,punch,spare
spark,3,soare,thack,spark
spasm,4,soare,thilk,stows,spasm
spawn,4,soare,thilk,stows,spawn
speak,3,soare,knelt,speak
spear,4,soare,women,lippy,spear
speck,3,soare,clipt,speck
speed,4,soare,clipt,wands,speed
spell,3,soare,clipt,spell
spelt,3,soare,clipt,spelt
spend,4,soare,clipt,wands,spend
spent,3,soare,clipt,spent
sperm,3,soare,lemel,sperm
spice,4,soare,pling,yucko,spice
spicy,4,soare,thilk,powns,spicy
spied,3,soare,clipt,spied
spiel,3,soare,clipt,spiel
spike,4,soare,pling,yucko,spike
spiky,4,soare,thilk,lippy,spiky
spill,4,soare,thilk,lippy,spill
spilt,4,soare,thilk,total,spilt
spine,3,soare,pling,spine
spiny,4,soare,thilk,powns,spiny
spire,3,soare,lippy,spire
spite,4,soare,pling,yucko,spite
splat,3,soare,dault,splat
split,3,soare,thilk,split
spoil,3,soare,cloot,spoil
spoke,4,soare,knelt,lemel,spoke
spoof,4,soare,cloot,spank,spoof
spook,4,soare,cloot,spank,spook
spool,3,soare,cloot,spool
spoon,4,soare,cloot,spank,spoon
spore,3,soare,punch,spore
sport,3,soare,chant,sport
spout,4,soare,cloot,punch,spout
spray,3,soare,umpty,spray
spree,3,soare,puree,spree
sprig,3,soare,butch,sprig
spunk,4,soare,thilk,crape,spunk
spurn,3,soare,light,spurn
spurt,3,soare,light,spurt
squad,3,soare,dault,squad
squat,3,soare,dault,squat
squib,4,soare,thilk,bayes,squib
stack,4,soare,thilk,naira,stack
staff,4,soare,thilk,demit,staff
stage,4,soare,thilk,vying,stage
staid,4,soare,thilk,naira,staid
stain,4,soare,thilk,naira,stain
stair,2,soare,stair
stake,4,soare,thilk,yucko,stake
stale,3,soare,thilk,stale
stalk,3,soare,thilk,stalk
stall,3,soare,thilk,stall
stamp,4,soare,thilk,demit,stamp
stand,4,soare,thilk,demit,stand
stank,4,soare,thilk,naira,stank
stare,3,soare,punch,stare
stark,3,soare,thack,stark
start,4,soare,thack,lemel,start
stash,4,soare,thilk,posse,stash
state,4,soare,thilk,vying,state
stave,4,soare,thilk,vying,stave
stead,4,soare,knelt,lemel,stead
steak,3,soare,knelt,steak
steal,3,soare,knelt,steal
steam,4,soare,knelt,lemel,steam
steed,3,soare,clipt,steed
steel,3,soare,clipt,steel
steep,4,soare,clipt,lemel,steep
steer,4,soare,newie,iftar,steer
stein,3,soare,clipt,stein
stern,3,soare,lemel,stern
stick,4,soare,thilk,naira,stick
stiff,4,soare,thilk,float,stiff
still,4,soare,thilk,total,still
stilt,4,soare,thilk,total,stilt
sting,4,soare,thilk,float,sting
stink,4,soare,thilk,naira,stink
stint,4,soare,thilk,float,stint
stock,4,soare,cloot,naira,stock
stoic,4,soare,cloot,naira,stoic
stoke,3,soare,knelt,stoke
stole,3,soare,knelt,stole
stomp,4,soare,cloot,lemel,stomp
stone,3,soare,knelt,stone
stony,4,soare,cloot,lemel,stony
stood,4,soare,cloot,lippy,stood
stool,3,soare,cloot,stool
stoop,4,soare,cloot,lippy,stoop
store,4,soare,punch,iftar,store
stork,4,soare,chant,yucko,stork
storm,4,soare,chant,yucko,storm
story,4,soare,chant,yucko,story
stout,4,soare,cloot,punch,stout
stove,4,soare,knelt,lemel,stove
strap,3,soare,umpty,strap
straw,3,soare,umpty,straw
stray,3,soare,umpty,stray
strip,3,soare,butch,strip
strut,3,soare,butch,strut
stuck,4,soare,thilk,naira,stuck
study,4,soare,thilk,grypt,study
stuff,4,soare,thilk,grypt,stuff
stump,4,soare,thilk,grypt,stump
stung,4,soare,thilk,grypt,stung
stunk,4,soare,thilk,naira,stunk
stunt,4,soare,thilk,grypt,stunt
style,3,soare,pling,style
suave,4,soare,thilk,yucko,suave
sugar,3,soare,umpty,sugar
suing,4,soare,thilk,powns,suing
suite,4,soare,pling,lemel,suite
sulky,3,soare,thilk,sulky
sully,4,soare,thilk,bayes,sully
sumac,3,soare,dault,sumac
sunny,4,soare,thilk,vying,sunny
super,4,soare,newie,varia,super
surer,4,soare,newie,varia,surer
surge,3,soare,puree,surge
surly,3,soare,butch,surly
sushi,3,soare,thilk,sushi
swami,3,soare,thilk,swami
swamp,4,soare,thilk,stows,swamp
swarm,4,soare,thack,lemel,swarm
swash,4,soare,thilk,lemel,swash
swath,4,soare,thilk,posse,swath
swear,3,soare,women,swear
sweat,3,soare,knelt,sweat
sweep,4,soare,clipt,wands,sweep
sweet,4,soare,clipt,smowt,sweet
swell,4,soare,clipt,fowth,swell
swept,3,soare,clipt,swept
swift,4,soare,thilk,float,swift
swill,4,soare,thilk,lippy,swill
swine,4,soare,pling,smowt,swine
swing,4,soare,thilk,powns,swing
swirl,3,soare,light,swirl
swish,3,soare,thilk,swish
swoon,4,soare,cloot,spank,swoon
swoop,4,soare,cloot,spank,swoop
sword,3,soare,chant,sword
swore,4,soare,punch,iftar,swore
sworn,3,soare,chant,sworn
swung,4,soare,thilk,vying,swung
synod,3,soare,cloot,synod
syrup,3,soare,butch,syrup
tabby,4,soare,clint,bufty,tabby
table,3,soare,gault,table
taboo,4,soare,cloot,bayes,taboo
tacit,3,soare,clint,tacit
tacky,4,soare,clint,hamba,tacky
taffy,4,soare,clint,bufty,taffy
taint,4,soare,clint,toped,taint
taken,3,soare,natal,taken
taker,4,soare,talar,pikau,taker
tally,4,soare,clint,matlo,tally
talon,3,soare,cloot,talon
tamer,4,soare,talar,pikau,tamer
tango,4,soare,cloot,naira,tango
tangy,4,soare,clint,bayes,tangy
taper,4,soare,talar,pikau,taper
tapir,4,soare,riyal,naira,tapir
tardy,4,soare,riyal,toped,tardy
tarot,4,soare,maron,lemel,tarot
taste,3,soare,thump,taste
tasty,4,soare,linty,toped,tasty
tatty,5,soare,clint,bufty,lippy,tatty
taunt,5,soare,clint,dough,ajiva,taunt
tawny,3,soare,clint,tawny
teach,3,soare,depth,teach
teary,3,soare,lathy,teary
tease,3,soare,teuch,tease
teddy,4,soare,denet,iftar,teddy
teeth,3,soare,denet,teeth
tempo,3,soare,lento,tempo
tenet,3,soare,denet,tenet
tenor,3,soare,trued,tenor
tense,3,soare,inapt,tense
tenth,3,soare,denet,tenth
tepee,4,soare,guilt,lemel,tepee
tepid,4,soare,denet,iftar,tepid
terra,3,soare,total,terra
terse,3,soare,punto,terse
testy,3,soare,teugh,testy
thank,3,soare,clink,thank
theft,4,soare,denet,fitte,theft
their,3,soare,tined,their
theme,4,soare,guilt,lemel,theme
there,3,soare,smowt,there
these,3,soare,inapt,these
theta,4,soare,natal,naira,theta
thick,3,soare,clint,thick
thief,3,soare,denet,thief
thigh,3,soare,clint,thigh
thing,4,soare,clint,yucko,thing
think,4,soare,clint,yucko,think
third,3,soare,tichy,third
thong,3,soare,clint,thong
thorn,3,soare,canid,thorn
those,3,soare,ethic,those
three,4,soare,pudic,vying,three
threw,4,soare,tined,yucko,threw
throb,4,soare,cutin,shlub,throb
throw,4,soare,cutin,shlub,throw
thrum,4,soare,glint,crape,thrum
thumb,4,soare,clint,bayes,thumb
thump,4,soare,clint,bayes,thump
thyme,4,soare,guilt,lemel,thyme
tiara,3,soare,dhuti,tiara
tibia,3,soare,clint,tibia
tidal,4,soare,clint,varia,tidal
tiger,4,soare,tined,lemel,tiger
tight,5,soare,clint,metif,smowt,tight
tilde,4,soare,guilt,lemel,tilde
timer,4,soare,tined,lemel,timer
timid,4,soare,clint,bufty,timid
tipsy,4,soare,hists,lemel,tipsy
titan,3,soare,clint,titan
tithe,3,soare,guilt,tithe
title,3,soare,guilt,title
toast,3,soare,abaci,toast
today,4,soare,liman,bayes,today
toddy,3,soare,culty,toddy
token,3,soare,meynt,token
tonal,4,soare,liman,iftar,tonal
tonga,3,soare,liman,tonga
tonic,4,soare,culty,nixie,tonic
tooth,4,soare,culty,books,tooth
topaz,4,soare,liman,bayes,topaz
topic,4,soare,culty,nixie,topic
torch,3,soare,cyton,torch
torso,3,soare,woofy,torso
torus,3,soare,woofy,torus
total,4,soare,liman,iftar,total
totem,3,soare,meynt,totem
touch,3,soare,culty,touch
tough,4,soare,culty,benis,tough
towel,4,soare,meynt,iftar,towel
tower,3,soare,rowth,tower
toxic,4,soare,culty,nixie,toxic
toxin,4,soare,culty,inapt,toxin
trace,3,soare,diact,trace
track,3,soare,clint,track
tract,3,soare,clint,tract
trade,3,soare,diact,trade
trail,3,soare,clint,trail
train,3,soare,clint,train
trait,3,soare,clint,trait
tramp,4,soare,clint,lemel,tramp
trash,3,soare,chubs,trash
trawl,3,soare,clint,trawl
tread,4,soare,talar,smowt,tread
treat,4,soare,talar,smowt,treat
trend,3,soare,tined,trend
triad,4,soare,riyal,iftar,triad
trial,3,soare,riyal,trial
tribe,3,soare,pudic,tribe
trice,4,soare,pudic,lemel,trice
trick,4,soare,glint,iftar,trick
tried,3,soare,tined,tried
tripe,4,soare,pudic,iftar,tripe
trite,4,soare,pudic,tribe,trite
troll,4,soare,cutin,shlub,troll
troop,4,soare,cutin,shlub,troop
trope,4,soare,pwned,iftar,trope
trout,4,soare,cutin,twoer,trout
trove,4,soare,pwned,bufty,trove
truce,3,soare,pudic,truce
truck,4,soare,glint,crape,truck
truer,4,soare,tined,yucko,truer
truly,3,soare,glint,truly
trump,4,soare,glint,crape,trump
trunk,3,soare,glint,trunk
truss,3,soare,cruft,truss
trust,3,soare,cruft,trust
truth,4,soare,glint,crape,truth
tryst,4,soare,cruft,bayes,tryst
tubal,4,soare,clint,matlo,tubal
tuber,4,soare,tined,yucko,tuber
tulip,4,soare,clint,varia,tulip
tulle,3,soare,guilt,tulle
tumor,4,soare,cutin,lemel,tumor
tunic,3,soare,clint,tunic
turbo,4,soare,cutin,lemel,turbo
tutor,3,soare,cutin,tutor
twang,3,soare,clink,twang
tweak,4,soare,natal,sweet,tweak
tweed,3,soare,denet,tweed
tweet,4,soare,denet,iftar,tweet
twice,4,soare,guilt,oonts,twice
twine,4,soare,guilt,oonts,twine
twirl,3,soare,tichy,twirl
twist,3,soare,hists,twist
twixt,3,soare,clint,twixt
tying,4,soare,clint,yucko,tying
udder,4,soare,tined,debud,udder
ulcer,4,soare,tined,flump,ulcer
ultra,3,soare,milch,ultra
umbra,3,soare,milch,umbra
uncle,3,soare,guilt,uncle
uncut,3,soare,clint,uncut
under,3,soare,tined,under
undid,4,soare,clint,puddy,undid
undue,4,soare,guilt,dirge,undue
unfed,4,soare,denet,jewie,unfed
unfit,4,soare,clint,iftar,unfit
unify,3,soare,clint,unify
union,4,soare,clint,yucko,union
unite,3,soare,guilt,unite
unity,3,soare,clint,unity
unlit,3,soare,clint,unlit
unmet,4,soare,denet,lemel,unmet
unset,4,soare,teugh,posse,unset
untie,3,soare,guilt,untie
until,3,soare,clint,until
unwed,4,soare,denet,jewie,unwed
unzip,4,soare,clint,puddy,unzip
upper,5,soare,tined,flump,varia,upper
upset,4,soare,teugh,posse,upset
urban,4,soare,riyal,bayes,urban
urine,3,soare,pudic,urine
usage,3,soare,teuch,usage
usher,4,soare,richt,lemel,usher
using,3,soare,hists,using
usual,4,soare,linty,bayes,usual
usurp,2,soare,usurp
utile,3,soare,guilt,utile
utter,4,soare,tined,embar,utter
vague,3,soare,gault,vague
valet,3,soare,natal,valet
valid,4,soare,clint,lemel,valid
valor,4,soare,maron,vales,valor
value,3,soare,gault,value
valve,4,soare,gault,varia,valve
vapid,4,soare,clint,taxed,vapid
vapor,4,soare,maron,vales,vapor
vault,4,soare,clint,varia,vault
vaunt,5,soare,clint,dough,ajiva,vaunt
vegan,4,soare,natal,budge,vegan
venom,3,soare,lento,venom
venue,4,soare,guilt,dirge,venue
verge,4,soare,pudic,vying,verge
verse,3,soare,punto,verse
verso,2,soare,verso
verve,4,soare,pudic,vying,verve
vicar,4,soare,riyal,varia,vicar
video,3,soare,lento,video
vigil,4,soare,clint,midgy,vigil
vigor,4,soare,cutin,diver,vigor
villa,4,soare,clint,lemel,villa
vinyl,3,soare,clint,vinyl
viola,4,soare,cloot,lemel,viola
viper,4,soare,tined,rivel,viper
viral,3,soare,riyal,viral
virus,3,soare,cruft,virus
visit,3,soare,hists,visit
visor,3,soare,gitch,visor
vista,3,soare,linty,vista
vital,4,soare,clint,varia,vital
vivid,4,soare,clint,fudgy,vivid
vixen,4,soare,denet,kylix,vixen
vocal,4,soare,liman,iftar,vocal
vodka,4,soare,liman,varia,vodka
vogue,3,soare,cloud,vogue
voice,3,soare,cloud,voice
voila,3,soare,liman,voila
vomit,4,soare,culty,inapt,vomit
voter,3,soare,rowth,voter
vouch,4,soare,culty,varia,vouch
vowel,4,soare,meynt,diver,vowel
vying,4,soare,clint,dirge,vying
wacky,4,soare,clint,lemel,wacky
wafer,6,soare,talar,pigmy,barre,varia,wafer
wager,5,soare,talar,pigmy,smowt,wager
wagon,4,soare,cloot,naira,wagon
waist,3,soare,linty,waist
waive,4,soare,gault,miner,waive
waltz,4,soare,clint,matlo,waltz
warty,4,soare,riyal,toped,warty
waste,4,soare,thump,abaci,waste
watch,5,soare,clint,hamba,lippy,watch
water,4,soare,talar,ethic,water
waver,6,soare,talar,pigmy,barre,varia,waver
waxen,4,soare,natal,varia,waxen
weary,3,soare,lathy,weary
weave,5,soare,glitz,khuds,varia,weave
wedge,4,soare,guilt,smowt,wedge
weedy,3,soare,denet,weedy
weigh,4,soare,denet,bylaw,weigh
weird,3,soare,feted,weird
welch,4,soare,denet,bylaw,welch
welsh,3,soare,teugh,welsh
whack,4,soare,clink,squib,whack
whale,4,soare,glitz,lemel,whale
wharf,4,soare,dhuti,lemel,wharf
wheat,4,soare,natal,sweet,wheat
wheel,4,soare,denet,pical,wheel
whelp,4,soare,denet,hilch,whelp
where,3,soare,smowt,where
which,4,soare,clint,yucko,which
whiff,3,soare,clint,whiff
while,4,soare,guilt,lemel,while
whine,4,soare,guilt,dhows,whine
whiny,4,soare,clint,dirge,whiny
whirl,3,soare,tichy,whirl
whisk,3,soare,hists,whisk
white,4,soare,guilt,oonts,white
whole,3,soare,plink,whole
whoop,4,soare,clint,mojos,whoop
whose,3,soare,ethic,whose
widen,4,soare,denet,jewie,widen
wider,4,soare,tined,ridic,wider
widow,4,soare,clint,lippy,widow
width,4,soare,clint,bufty,width
wield,4,soare,denet,woofy,wield
wight,5,soare,clint,metif,smowt,wight
willy,5,soare,clint,midgy,fowth,willy
wimpy,5,soare,clint,fudgy,lemel,wimpy
wince,4,soare,guilt,newed,wince
winch,4,soare,clint,woofy,winch
windy,4,soare,clint,puddy,windy
wiser,4,soare,richt,lemel,wiser
wispy,3,soare,hists,wispy
witch,4,soare,clint,wiped,witch
witty,5,soare,clint,bufty,dhows,witty
woken,4,soare,meynt,woven,woken
woman,3,soare,liman,woman
women,3,soare,meynt,women
woody,5,soare,culty,dhobi,smowt,woody
wooer,3,soare,rowth,wooer
wooly,4,soare,culty,droll,wooly
woozy,5,soare,culty,dhobi,iftar,woozy
wordy,4,soare,cyton,dirge,wordy
world,4,soare,cyton,matlo,world
worry,3,soare,almud,worry
worse,3,soare,dhows,worse
worst,3,soare,woofy,worst
worth,4,soare,cyton,iftar,worth
would,4,soare,culty,lemel,would
wound,5,soare,culty,bumph,iftar,wound
woven,3,soare,meynt,woven
wrack,3,soare,clint,wrack
wrath,4,soare,clint,lemel,wrath
wreak,5,soare,talar,brock,iftar,wreak
wreck,4,soare,tined,clump,wreck
wrest,3,soare,richt,wrest
wring,4,soare,glint,bayes,wring
wrist,4,soare,cruft,bayes,wrist
write,4,soare,pudic,tribe,write
wrong,4,soare,cutin,toped,wrong
wrote,3,soare,pwned,wrote
wrung,3,soare,glint,wrung
wryly,4,soare,glint,crudy,wryly
yacht,3,soare,clint,yacht
yearn,3,soare,lathy,yearn
yeast,3,soare,bufty,yeast
yield,4,soare,denet,woofy,yield
young,3,soare,culty,young
youth,3,soare,culty,youth
zebra,3,soare,total,zebra
zesty,4,soare,teugh,lemel,zesty
zonal,4,soare,liman,iftar,zonal
